file	original_name	last_updated	bytes
SKIPSTREAM-CURRENT-STATE.md	SkipStream Current State	2026-09-05 16:42 (Asia/Calcutta)	7289
MY-WRONG-CALLS-4-5-SEP.md	My Wrong Calls 4-5 Sep	2026-09-05 16:42 (Asia/Calcutta)	3782
SUPERSEDED-CLAIMS.md	Superseded Claims	2026-09-05 16:42 (Asia/Calcutta)	4604
SKIPSTREAM-RELEASE-WORK.md	SkipStream Release Work	2026-09-05 18:00 (Asia/Calcutta)	10639
SESSION-LOG-NEEDS-VERIFICATION.md	Session Log Needs Verification	2026-09-05 18:00 (Asia/Calcutta)	11616
ARCHITECTURE-AND-UI.md	Architecture and UI	2026-09-05 18:00 (Asia/Calcutta)	8841
SUPABASE-AND-SECURITY.md	Supabase and Security	2026-09-05 18:00 (Asia/Calcutta)	6166
REPO-LANDMINES-AND-AGENTS.md	Repo Landmines and Agents	2026-09-05 18:00 (Asia/Calcutta)	4280
RELEASE-AND-AMO.md	Release and AMO	2026-09-05 18:00 (Asia/Calcutta)	4009
OPEN-ITEMS-AND-QUEUE.md	Open Items and Queue	2026-09-05 18:00 (Asia/Calcutta)	4979
FIXED-WORK-AND-WRONG-CALLS.md	Fixed Work and Wrong Calls	2026-09-05 18:00 (Asia/Calcutta)	7892
SESSION-TOOLING-AND-CI-FACTS.md	Session Tooling and CI Facts	2026-09-05 18:00 (Asia/Calcutta)	3498
